{
  "version": 1,
  "generatedAt": "2025-12-27T20:30:50.544Z",
  "source": {
    "mapPng": "public/assets/map.png",
    "mapCalibration": {
      "offsetX": 133.333333,
      "offsetY": 114.285714,
      "scaleX": 0.947619048,
      "scaleY": 0.947619048,
      "alpha": 0.8
    }
  },
  "classification": {
    "waterPixel": {
      "minBlue": 80,
      "minBlueMinusMaxRG": 15,
      "maxRed": 230,
      "maxGreen": 230
    },
    "sample": {
      "stepPx": 1,
      "neighborhoodRadiusPx": 8,
      "perpendicularOffsetsPx": [
        -12,
        -8,
        -4,
        0,
        4,
        8,
        12
      ]
    }
  },
  "overrides": {
    "forceRiverEdges": [],
    "forceNonRiverWaterEdges": [],
    "excludeEdges": []
  },
  "riverEdges": [
    "10,19|9,19",
    "10,20|9,19",
    "10,20|9,20",
    "10,21|9,20",
    "12,21|12,22",
    "12,22|12,23",
    "12,22|13,22",
    "12,31|12,32",
    "12,32|13,31",
    "13,31|13,32",
    "13,31|14,32",
    "13,32|14,32",
    "13,32|14,33",
    "14,29|15,28",
    "14,31|14,32",
    "14,31|15,31",
    "15,28|15,29",
    "15,28|16,29",
    "16,28|16,29",
    "16,29|17,28",
    "17,26|18,27",
    "17,27|18,27",
    "17,27|18,28",
    "17,28|17,29",
    "17,28|18,28",
    "17,28|18,29",
    "18,30|19,29",
    "19,29|19,30",
    "19,30|20,30",
    "19,45|19,46",
    "19,46|20,46",
    "19,52|20,53",
    "20,30|20,31",
    "20,31|21,30",
    "20,31|21,31",
    "20,32|21,31",
    "20,32|21,32",
    "20,46|20,47",
    "20,47|21,46",
    "20,47|21,47",
    "20,48|21,47",
    "20,52|20,53",
    "20,54|20,55",
    "20,54|21,54",
    "20,60|20,61",
    "20,60|21,60",
    "21,37|22,37",
    "21,37|22,38",
    "21,38|22,38",
    "21,38|22,39",
    "21,39|22,39",
    "21,47|21,48",
    "21,48|22,48",
    "21,48|22,49",
    "21,49|22,49",
    "21,53|21,54",
    "21,53|22,54",
    "21,59|21,60",
    "21,60|22,60",
    "22,38|23,37",
    "22,38|23,38",
    "22,39|22,40",
    "22,39|23,38",
    "22,39|23,39",
    "22,40|23,39",
    "22,49|22,50",
    "22,50|23,49",
    "22,53|22,54",
    "22,53|23,53",
    "22,59|23,59",
    "22,60|22,61",
    "22,60|23,59",
    "22,60|23,60",
    "23,38|23,39",
    "23,39|23,40",
    "23,39|24,40",
    "23,40|24,40",
    "23,48|24,49",
    "23,49|23,50",
    "23,49|24,49",
    "23,52|23,53",
    "23,53|24,53",
    "23,58|23,59",
    "23,59|24,59",
    "24,39|24,40",
    "24,39|25,39",
    "24,40|24,41",
    "24,41|25,40",
    "24,48|24,49",
    "24,49|25,48",
    "24,53|24,54",
    "24,53|25,53",
    "24,59|24,60",
    "24,60|25,59",
    "24,60|25,60",
    "24,61|25,60",
    "25,38|25,39",
    "25,38|26,38",
    "25,38|26,39",
    "25,40|25,41",
    "25,41|26,41",
    "25,48|25,49",
    "25,49|25,50",
    "25,49|26,49",
    "25,49|26,50",
    "25,50|26,50",
    "25,52|25,53",
    "25,53|26,53",
    "25,53|26,54",
    "25,54|26,54",
    "25,54|26,55",
    "25,55|26,55",
    "25,60|25,61",
    "25,61|26,61",
    "25,61|26,62",
    "25,62|26,62",
    "25,62|26,63",
    "25,63|26,63",
    "26,29|26,30",
    "26,30|27,29",
    "26,30|27,30",
    "26,31|27,30",
    "26,37|26,38",
    "26,37|27,37",
    "26,38|26,39",
    "26,41|26,42",
    "26,42|27,41",
    "26,50|26,51",
    "26,51|27,50",
    "26,55|26,56",
    "26,55|27,55",
    "26,56|27,55",
    "27,30|27,31",
    "27,31|28,31",
    "27,36|27,37",
    "27,36|28,37",
    "27,41|27,42",
    "27,41|28,42",
    "27,50|27,51",
    "27,51|28,51",
    "27,55|27,56",
    "27,55|28,56",
    "28,31|28,32",
    "28,32|29,31",
    "28,36|28,37",
    "28,37|29,36",
    "28,41|28,42",
    "28,42|29,41",
    "28,42|29,42",
    "28,43|29,42",
    "28,51|28,52",
    "28,52|29,51",
    "28,55|28,56",
    "28,56|29,55",
    "28,56|29,56",
    "28,57|29,56",
    "29,31|29,32",
    "29,32|30,32",
    "29,36|29,37",
    "29,37|30,37",
    "29,41|29,42",
    "29,42|29,43",
    "29,42|30,43",
    "29,51|29,52",
    "29,52|30,52",
    "29,56|29,57",
    "29,57|30,57",
    "30,32|30,33",
    "30,33|31,32",
    "30,33|31,33",
    "30,34|31,33",
    "30,37|30,38",
    "30,37|31,37",
    "30,42|30,43",
    "30,43|31,42",
    "30,52|30,53",
    "30,57|30,58",
    "30,58|31,57",
    "31,25|32,25",
    "31,25|32,26",
    "31,26|32,26",
    "31,26|32,27",
    "31,27|32,27",
    "31,27|32,28",
    "31,28|32,28",
    "31,29|32,30",
    "31,30|32,30",
    "31,30|32,31",
    "31,31|32,31",
    "31,33|31,34",
    "31,34|32,34",
    "31,36|31,37",
    "31,37|32,37",
    "31,41|32,42",
    "31,42|31,43",
    "31,42|32,42",
    "31,42|32,43",
    "31,57|31,58",
    "31,58|32,58",
    "32,27|32,28",
    "32,28|32,29",
    "32,29|32,30",
    "32,29|33,28",
    "32,29|33,29",
    "32,31|32,32",
    "32,32|33,31",
    "32,41|32,42",
    "32,41|33,41",
    "32,58|32,59",
    "33,31|33,32",
    "33,31|34,32",
    "33,40|33,41",
    "33,40|34,41",
    "33,45|34,46",
    "33,46|34,46",
    "33,46|34,47",
    "33,47|34,47",
    "33,47|34,48",
    "33,48|34,48",
    "34,31|34,32",
    "34,32|35,31",
    "34,40|34,41",
    "34,40|35,40",
    "34,43|35,43",
    "34,44|35,43",
    "34,44|35,44",
    "34,45|34,46",
    "34,45|35,44",
    "34,45|35,45",
    "34,48|34,49",
    "34,49|35,48",
    "35,31|35,32",
    "35,32|36,32",
    "35,39|35,40",
    "35,39|36,40",
    "35,40|36,41",
    "35,41|36,41",
    "35,41|36,42",
    "35,42|35,43",
    "35,43|35,44",
    "35,43|36,43",
    "35,48|35,49",
    "35,49|36,49",
    "36,32|36,33",
    "36,33|37,32",
    "36,42|37,42",
    "36,50|36,51",
    "36,51|37,50",
    "36,51|37,51",
    "36,52|37,51",
    "37,24|38,24",
    "37,32|37,33",
    "37,32|38,33",
    "37,42|38,43",
    "37,51|37,52",
    "37,52|38,52",
    "37,52|38,53",
    "37,53|38,53",
    "37,53|38,54",
    "37,54|38,54",
    "38,24|38,25",
    "38,24|39,24",
    "38,32|38,33",
    "38,33|39,32",
    "38,36|39,36",
    "38,37|39,36",
    "38,37|39,37",
    "38,38|39,37",
    "38,42|38,43",
    "38,54|38,55",
    "38,55|39,54",
    "38,55|39,55",
    "38,56|39,55",
    "38,56|39,56",
    "38,57|39,56",
    "39,23|39,24",
    "39,24|40,24",
    "39,32|39,33",
    "39,33|40,34",
    "39,34|40,34",
    "39,34|40,35",
    "39,35|39,36",
    "39,35|40,35",
    "39,35|40,36",
    "39,37|39,38",
    "39,38|40,38",
    "39,38|40,39",
    "39,39|40,39",
    "39,39|40,40",
    "39,40|40,40",
    "39,56|39,57",
    "39,57|40,57",
    "39,57|40,58",
    "39,58|40,58",
    "39,58|40,59",
    "40,24|40,25",
    "40,25|41,24",
    "40,33|40,34",
    "40,33|41,33",
    "40,58|40,59",
    "40,58|41,58",
    "41,24|41,25",
    "41,25|42,25",
    "41,25|42,26",
    "41,32|41,33",
    "41,32|42,33",
    "41,33|42,33",
    "41,57|41,58",
    "41,58|42,58",
    "41,7|42,7",
    "41,7|42,8",
    "41,8|42,8",
    "42,10|43,10",
    "42,10|43,9",
    "42,11|43,10",
    "42,11|43,11",
    "42,12|43,11",
    "42,26|43,25",
    "42,32|42,33",
    "42,32|43,32",
    "42,33|43,32",
    "42,58|42,59",
    "42,58|43,58",
    "42,8|42,9",
    "42,9|43,8",
    "42,9|43,9",
    "43,11|43,12",
    "43,12|44,12",
    "43,12|44,13",
    "43,13|44,13",
    "43,13|44,14",
    "43,14|44,14",
    "43,17|43,18",
    "43,18|44,18",
    "43,18|44,19",
    "43,19|44,19",
    "43,25|43,26",
    "43,25|44,26",
    "43,26|44,26",
    "43,31|43,32",
    "43,32|44,32",
    "43,38|43,39",
    "43,38|44,38",
    "43,39|44,39",
    "43,39|44,40",
    "43,40|44,40",
    "43,49|43,50",
    "43,50|44,50",
    "43,50|44,51",
    "43,51|44,51",
    "43,51|44,52",
    "43,52|44,52",
    "43,57|43,58",
    "43,58|44,58",
    "43,58|44,59",
    "43,8|43,9",
    "44,14|44,15",
    "44,15|44,16",
    "44,15|45,14",
    "44,15|45,15",
    "44,16|45,15",
    "44,19|44,20",
    "44,20|45,19",
    "44,25|44,26",
    "44,32|44,33",
    "44,32|45,32",
    "44,39|44,40",
    "44,40|44,41",
    "44,41|44,42",
    "44,41|45,40",
    "44,41|45,41",
    "44,42|45,41",
    "44,42|45,42",
    "44,43|45,42",
    "44,50|44,51",
    "44,51|44,52",
    "44,52|44,53",
    "44,53|45,52",
    "44,58|44,59",
    "44,58|45,58",
    "45,15|45,16",
    "45,16|46,16",
